district,layout,area_m2,base_rent,furnished,age_days
praha5,2+kk,70,28000.0,Ne,0
praha5,2+kk,48,25000.0,Částečně,0
praha4,2+1,70,23000.0,Ne,0
praha5,1+kk,34,20500.0,,0
praha9,2+kk,55,20000.0,Částečně,0
praha2,3+kk,91,29000.0,Ne,0
praha9,2+1,49,19200.0,,0
praha10,1+kk,29,14000.0,Ano,0
praha10,2+kk,40,21500.0,Částečně,0
praha5,3+kk,78,31000.0,Ano,0
praha5,3+kk,126,27000.0,,0
praha10,2+1,54,22000.0,,0
praha5,1+kk,32,14500.0,Ne,0
praha5,2+kk,50,24500.0,Ne,0
praha9,2+kk,48,23000.0,Ano,0
praha3,2+kk,51,24990.0,Ano,0
praha9,2+kk,52,24900.0,,0
praha5,1+kk,40,18990.0,Částečně,0
praha2,1+kk,41,22000.0,Částečně,0
praha2,1+1,45,20000.0,,1
praha10,2+1,70,30000.0,Ano,1
praha5,2+kk,63,20000.0,Ne,1
praha10,2+1,52,19000.0,,1
praha5,2+kk,48,22000.0,,1
praha6,3+1,75,26000.0,Částečně,1
praha5,1+kk,33,18900.0,,1
praha9,2+kk,43,22000.0,Ano,1
praha10,2+kk,48,21900.0,Částečně,1
praha4,1+kk,32,20000.0,Ne,1
praha10,2+kk,60,23900.0,,1
praha8,2+kk,74,26000.0,,1
praha8,2+kk,53,28500.0,Ano,1
praha5,1+kk,45,17500.0,Ne,1
praha6,1+kk,34,14600.0,,1
praha6,4+kk,106,40000.0,Ne,1
praha4,3+kk,86,35000.0,Ne,1
praha5,2+kk,38,20000.0,Ano,1
praha5,4+1,110,38000.0,,1
praha9,1+kk,33,17000.0,,1
praha5,1+kk,42,17500.0,Ano,1
praha4,2+kk,41,19000.0,,1
praha10,3+kk,64,23500.0,,1
praha3,3+kk,72,27000.0,Částečně,1
praha5,3+kk,75,27000.0,Ne,1
praha9,1+kk,25,15000.0,,1
praha10,2+1,64,25990.0,,1
praha5,2+kk,58,29500.0,,1
praha10,2+kk,49,25000.0,Ano,1
praha6,2+kk,42,23900.0,Částečně,2
praha10,1+kk,38,16000.0,Částečně,2
praha4,4+kk,111,59500.0,Ne,2
praha3,1+kk,45,7100.0,,2
praha8,3+kk,89,47000.0,,2
praha9,4+kk,82,31500.0,,2
praha5,3+kk,72,36000.0,Ano,2
praha4,1+kk,25,17000.0,,2
praha8,2+kk,51,25000.0,Částečně,2
praha5,3+1,74,22000.0,Částečně,2
praha6,2+1,72,25000.0,,2
praha3,1+1,48,21990.0,Částečně,2
praha9,1+1,33,13990.0,Částečně,2
praha6,2+1,50,21490.0,Částečně,2
praha4,3+1,90,35500.0,Ano,2
praha8,2+kk,66,42000.0,Částečně,2
praha5,2+kk,36,16990.0,Částečně,2
praha9,2+kk,57,22000.0,Částečně,2
praha8,1+kk,30,23000.0,Ano,2
praha9,2+kk,47,23700.0,Ano,2
praha5,1+1,47,19990.0,Částečně,2
praha10,3+kk,80,25000.0,Ano,2
praha5,1+kk,29,12000.0,Částečně,2
praha6,5+kk,101,42000.0,Částečně,2
praha8,3+kk,79,46000.0,Ano,2
praha6,2+kk,51,34000.0,Ano,2
praha1,2+kk,33,25400.0,Ano,2
praha5,2+kk,40,29000.0,Ano,2
praha2,2+1,54,38700.0,Ano,2
praha4,2+1,45,18000.0,Ano,2
praha5,1+1,35,20000.0,Ne,2
praha5,3+1,80,24000.0,,2
praha5,2+kk,50,19500.0,Ano,2
praha5,2+1,70,20000.0,Ano,2
praha2,2+1,77,28900.0,,2
praha10,2+kk,52,26000.0,Ano,2
praha6,2+kk,45,19800.0,Částečně,2
praha3,3+1,76,11800.0,Ne,2
praha1,2+kk,110,48000.0,Ano,2
praha9,2+kk,51,27000.0,Částečně,2
praha3,1+1,57,8600.0,Ne,2
praha9,2+kk,63,22500.0,Částečně,2
praha7,2+kk,55,22900.0,Částečně,2
praha5,2+kk,85,31900.0,Ano,2
praha10,2+kk,55,24200.0,,2
praha3,1+1,44,7100.0,Ne,2
praha4,2+1,52,19500.0,Ne,2
praha4,2+kk,55,18900.0,Ne,2
praha5,2+kk,46,24400.0,Ano,2
praha4,4+1,78,25000.0,Ne,2
praha6,3+1,109,42000.0,Ne,2
praha10,1+kk,33,15300.0,Částečně,2
praha9,3+1,74,26000.0,Ano,2
praha9,3+1,70,22000.0,,2
praha6,3+kk,94,49990.0,Ne,2
praha5,4+kk,98,30990.0,Částečně,2
praha8,2+kk,52,35000.0,,2
praha7,2+1,82,26600.0,Částečně,2
praha3,2+kk,45,22490.0,Ne,2
praha2,2+kk,49,19000.0,,2
praha5,2+kk,50,30000.0,Ano,2
praha5,3+kk,75,27000.0,Ne,2
praha10,2+1,58,22490.0,Částečně,2
praha4,2+kk,55,27000.0,Ano,2
praha4,2+kk,45,26900.0,,2
praha4,2+kk,41,23000.0,Částečně,2
praha10,2+kk,49,25000.0,Ano,2
praha2,3+kk,91,55000.0,Ano,2
praha3,1+kk,36,5600.0,,2
praha10,1+kk,28,12990.0,Ne,2
praha2,2+kk,50,27000.0,Ano,3
praha6,2+kk,62,32000.0,,3
praha4,3+kk,81,25990.0,,3
praha5,1+kk,28,20150.0,Ano,3
praha10,2+1,57,24000.0,Ne,3
praha2,3+1,75,38000.0,Ano,3
praha4,3+1,84,25000.0,,3
praha5,3+1,65,22000.0,Částečně,3
praha4,2+kk,61,40000.0,Ano,3
praha9,2+kk,52,28500.0,Ano,3
praha10,2+kk,54,24900.0,Ano,3
praha4,1+kk,26,13000.0,,3
praha7,2+kk,68,25000.0,Částečně,3
praha10,2+kk,47,22900.0,,3
praha6,2+kk,42,20000.0,,3
praha2,2+1,70,27000.0,Částečně,3
praha8,1+1,32,16500.0,Částečně,3
praha9,2+kk,60,25000.0,Ano,3
praha10,2+1,62,25000.0,Ne,3
praha9,2+kk,53,25000.0,,3
praha9,2+kk,50,24000.0,Částečně,3
praha4,2+1,48,20000.0,Částečně,3
praha5,2+kk,64,23500.0,Ano,3
praha4,1+kk,30,19900.0,,3
praha2,2+1,80,30000.0,Ano,3
praha5,1+kk,22,15800.0,Ano,3
praha5,2+kk,58,24000.0,Ano,3
praha10,1+kk,36,17000.0,Částečně,3
praha3,1+1,42,17000.0,Ne,3
praha4,2+kk,54,25000.0,,3
praha4,1+kk,40,17500.0,Ne,3
praha10,2+kk,57,22000.0,Částečně,3
praha10,1+kk,31,16900.0,,3
praha10,1+kk,31,18900.0,Ne,3
praha4,2+kk,40,19000.0,,3
praha4,2+kk,46,29000.0,Částečně,3
praha4,3+kk,63,24000.0,,3
praha10,2+kk,55,21000.0,Částečně,3
praha5,3+kk,92,37900.0,Částečně,3
praha6,1+1,82,18000.0,Ano,3
praha2,3+1,75,38000.0,Ano,3
praha5,2+kk,52,22000.0,Ano,3
praha7,1+kk,33,18500.0,Ne,3
praha5,2+kk,52,26000.0,Ano,3
praha5,2+1,63,25000.0,Částečně,3
praha5,2+kk,38,16500.0,Ne,3
praha3,2+kk,55,27500.0,Ne,3
praha7,2+kk,40,19000.0,Částečně,3
praha4,3+1,70,29000.0,Ano,3
praha5,2+kk,41,25000.0,Ano,3
praha5,2+kk,34,18500.0,Ano,3
praha4,2+kk,45,22000.0,,3
praha4,1+1,49,19400.0,Ne,3
praha3,1+kk,50,24500.0,Částečně,3
praha5,2+kk,56,41750.0,Ano,3
praha7,2+kk,62,31000.0,Ano,3
praha10,1+kk,40,20900.0,,3
praha10,1+kk,40,17000.0,Ano,3
praha10,2+kk,47,18000.0,,3
praha6,2+1,52,25500.0,Ne,3
praha9,2+kk,46,23500.0,Ano,4
praha6,2+kk,62,32000.0,Ne,4
praha8,2+kk,65,26000.0,Ne,4
praha1,2+kk,44,35000.0,Ano,4
praha5,1+1,36,16000.0,,4
praha2,atypical,110,57960.0,Ano,4
praha9,3+kk,78,30000.0,,4
praha9,1+kk,32,20500.0,Částečně,4
praha4,1+kk,27,17999.0,,4
praha9,3+kk,69,32900.0,Ano,4
praha4,1+kk,34,15900.0,Částečně,4
praha6,3+kk,76,37900.0,Ne,4
praha10,3+1,72,24000.0,Ne,4
praha8,1+1,45,18900.0,,4
praha9,3+1,66,21500.0,Částečně,4
praha4,2+kk,58,20000.0,Částečně,4
praha4,1+kk,32,17000.0,Částečně,4
praha5,2+kk,81,38000.0,Částečně,4
praha5,2+kk,43,25800.0,Ano,4
praha4,1+kk,32,19900.0,,4
praha4,3+kk,83,25000.0,Ne,4
praha7,2+kk,65,28000.0,Ne,4
praha4,3+1,75,23000.0,Částečně,4
praha9,3+kk,64,24500.0,Částečně,4
praha9,1+kk,32,24500.0,Částečně,4
praha9,1+kk,41,19900.0,Ne,4
praha5,2+1,83,29600.0,,4
praha5,3+kk,59,34000.0,Ano,4
praha6,2+1,54,21490.0,Ano,4
praha4,2+kk,47,19000.0,Částečně,4
praha8,3+kk,80,33000.0,Ne,4
praha1,2+kk,65,40000.0,Ano,4
praha4,3+1,66,22000.0,,4
praha5,3+kk,90,26900.0,Ano,4
praha5,2+kk,67,24000.0,Částečně,4
praha3,1+kk,31,21990.0,Ano,4
praha6,2+kk,50,18100.0,Ne,4
praha10,2+1,70,23500.0,Částečně,4
praha5,2+kk,68,26000.0,,4
praha5,2+kk,38,27000.0,Částečně,4
praha5,4+kk,108,35000.0,Ne,4
praha4,1+kk,32,18000.0,,4
praha6,3+1,76,30000.0,Ne,4
praha2,2+kk,45,25000.0,Ano,4
praha9,2+kk,48,23000.0,Ne,4
praha4,1+kk,35,15000.0,Ne,4
praha4,1+kk,25,16000.0,Ano,4
praha5,2+kk,68,27000.0,Ano,4
praha1,2+kk,100,48000.0,Ano,4
praha3,2+kk,35,23000.0,Částečně,4
praha7,1+1,35,17500.0,Částečně,4
praha4,2+kk,42,19990.0,Ano,4
praha2,2+kk,60,27500.0,Ano,4
praha2,2+kk,75,23000.0,Ano,4
praha2,1+1,45,16000.0,Ne,4
praha10,2+kk,43,16000.0,Ano,4
praha8,2+kk,80,27000.0,Ne,4
praha4,3+kk,72,30000.0,Ne,4
praha2,2+kk,73,28000.0,Ano,4
praha10,1+kk,27,14800.0,,4
praha7,4+kk,101,45000.0,Ne,4
praha3,4+kk,120,60000.0,Ano,4
praha4,1+kk,27,14500.0,,4
praha9,1+kk,34,19000.0,,4
praha8,1+1,37,20000.0,Částečně,4
praha2,3+kk,107,53130.0,Ano,5
praha10,1+kk,38,21900.0,Ano,5
praha8,2+kk,48,16700.0,Ne,5
praha5,2+kk,58,22000.0,Částečně,5
praha3,2+kk,46,23500.0,,5
praha10,1+1,39,19500.0,Ne,5
praha4,2+kk,51,22500.0,,5
praha2,1+kk,22,12000.0,Ne,5
praha4,2+kk,42,16990.0,Částečně,5
praha9,2+kk,47,21900.0,Ne,5
praha5,2+kk,54,24000.0,Ne,5
praha4,2+kk,52,22900.0,Částečně,5
praha5,2+kk,56,26000.0,Ne,5
praha10,3+1,98,32000.0,,5
praha9,2+1,53,18000.0,,5
praha4,3+kk,69,29500.0,Částečně,5
praha1,2+kk,40,25000.0,Ano,5
praha4,1+1,44,22000.0,Částečně,5
praha3,1+1,23,15990.0,Částečně,5
praha9,2+kk,47,20000.0,Ano,5
praha3,1+kk,29,16990.0,Částečně,5
praha10,3+kk,83,28000.0,,5
praha3,2+kk,56,26000.0,Částečně,5
praha5,2+kk,68,25000.0,Ne,5
praha3,3+1,70,35000.0,Ano,5
praha7,3+kk,76,32000.0,Ne,5
praha3,1+1,47,23000.0,Ano,5
praha10,2+kk,42,18000.0,,5
praha10,2+kk,43,17000.0,Částečně,5
praha7,2+kk,53,25000.0,Ne,5
praha4,3+1,73,26000.0,,5
praha5,1+kk,48,22000.0,,5
praha3,3+kk,84,45000.0,Ano,5
praha3,2+kk,43,22490.0,Ano,5
praha2,2+kk,35,25000.0,Ano,5
praha5,2+kk,54,24500.0,Částečně,5
praha6,2+1,82,38000.0,,5
praha4,3+1,64,25000.0,Částečně,5
praha10,1+kk,29,16000.0,,5
praha4,3+kk,111,35000.0,Ano,5
praha5,1+kk,24,14500.0,Ano,5
praha4,2+kk,52,22990.0,Částečně,5
praha9,2+kk,57,21000.0,Částečně,5
praha9,2+kk,42,22000.0,Částečně,5
praha6,2+kk,54,20000.0,,5
praha8,3+kk,87,30000.0,Částečně,5
praha3,2+kk,55,25000.0,,5
praha5,3+1,123,58000.0,Ano,5
praha10,1+kk,37,20000.0,Ne,5
praha4,2+1,49,24990.0,Ano,5
praha4,3+1,73,23990.0,,5
praha8,1+kk,39,18000.0,Částečně,5
praha3,1+1,64,23990.0,Ano,5
praha5,2+kk,71,28000.0,Ano,5
praha4,2+kk,41,28000.0,,5
praha9,1+kk,26,15900.0,Ne,5
praha1,3+kk,62,39000.0,,5
praha5,2+kk,38,21000.0,Částečně,5
praha2,1+kk,30,23000.0,Ano,5
praha5,2+kk,42,21000.0,Ano,5
praha5,1+kk,25,14000.0,,5
praha4,2+kk,100,25000.0,Ano,5
praha5,3+1,100,28000.0,Ano,5
praha8,1+kk,40,24900.0,Ano,5
praha9,2+kk,53,27700.0,,5
praha3,2+kk,52,25000.0,,5
praha5,1+kk,33,20000.0,,5
praha4,2+1,75,28000.0,Ne,5
praha5,2+kk,45,22000.0,Ano,5
praha4,2+kk,76,24500.0,,5
praha3,3+kk,109,59000.0,,5
praha5,2+kk,48,22800.0,Ne,5
praha5,1+kk,30,17000.0,,5
praha4,1+kk,28,16000.0,Částečně,5
praha5,2+kk,55,33000.0,Ano,5
praha10,1+kk,33,17000.0,,5
praha3,2+kk,61,30000.0,Ano,5
praha8,2+kk,63,25000.0,Ano,5
praha4,2+kk,46,20900.0,,5
praha4,2+kk,51,20900.0,Ne,6
praha2,3+1,81,31000.0,Ne,6
praha5,1+1,40,13000.0,,6
praha5,1+kk,25,18000.0,Částečně,6
praha9,2+kk,47,24000.0,,6
praha8,2+kk,55,30800.0,Ano,6
praha8,1+kk,29,17000.0,Částečně,6
praha8,3+kk,76,29900.0,Ano,6
praha8,1+kk,38,25000.0,Ano,6
praha3,2+kk,64,23990.0,Ano,6
praha7,1+kk,27,15990.0,Ne,6
praha6,2+kk,75,28000.0,,6
praha4,4+1,85,25000.0,Ne,6
praha6,5+1,146,69000.0,Ne,6
praha10,2+1,70,25000.0,Částečně,6
praha8,1+kk,28,20000.0,Ano,6
praha4,3+kk,85,30000.0,Ano,6
praha4,2+kk,66,25000.0,,6
praha2,3+kk,110,57900.0,Ano,6
praha8,1+kk,40,19500.0,Částečně,6
praha4,3+kk,93,29000.0,Částečně,6
praha2,3+kk,91,55000.0,Ano,6
praha4,2+1,75,28500.0,Ne,6
praha5,1+kk,26,20500.0,Ne,6
praha1,2+kk,50,26000.0,Ano,6
praha7,2+kk,43,26000.0,Ne,6
praha4,1+1,42,16990.0,Částečně,6
praha5,3+1,104,69000.0,Ano,6
praha5,2+kk,40,20000.0,Ne,6
praha3,1+kk,23,15990.0,Částečně,6
praha5,2+kk,37,22500.0,Ano,6
praha5,3+kk,87,36500.0,,6
praha5,2+kk,52,32000.0,,6
praha5,2+kk,75,36000.0,Ano,6
praha5,1+kk,45,20000.0,Ano,6
praha4,1+kk,29,14600.0,Ano,6
praha8,3+kk,65,24000.0,Ne,6
praha4,1+kk,29,17000.0,Částečně,6
praha2,2+kk,48,20000.0,Ano,6
praha5,2+kk,55,27000.0,Ne,6
praha8,2+kk,59,31000.0,Ano,6
praha2,3+kk,103,42000.0,Ano,6
praha4,2+kk,55,24600.0,Ano,6
praha9,1+kk,37,19000.0,,6
praha5,2+kk,59,27880.0,Ne,6
praha8,1+kk,47,12000.0,,6
praha3,2+1,53,24700.0,,6
praha6,1+1,35,15000.0,Ne,6
praha4,3+kk,96,39900.0,Ano,6
praha4,3+kk,115,49000.0,,6
praha9,2+kk,52,24500.0,Částečně,6
praha4,3+kk,70,30000.0,,6
praha4,1+kk,35,18500.0,Ne,6
praha4,2+kk,47,19990.0,Částečně,6
praha10,1+1,39,19000.0,Částečně,6
praha6,2+kk,42,21000.0,Ano,6
praha7,2+kk,36,21000.0,Částečně,6
praha10,2+1,65,23000.0,,7
praha2,2+1,52,35000.0,Částečně,7
praha2,1+kk,47,22900.0,Ano,7
praha5,3+kk,87,32000.0,Částečně,7
praha6,2+kk,49,26000.0,Ano,7
praha8,2+kk,53,28000.0,,7
praha2,2+kk,35,22900.0,Ano,7
praha5,2+1,77,35000.0,Ne,7
praha10,2+kk,52,21000.0,Ano,7
praha3,1+1,41,23000.0,Ano,7
praha9,2+kk,60,28990.0,Ne,7
praha1,2+kk,71,28000.0,Ano,7
praha9,2+kk,86,22000.0,Ne,7
praha7,1+kk,37,22000.0,Ano,8
praha5,2+kk,56,30000.0,Ne,8
praha5,1+kk,36,19000.0,,8
praha9,2+kk,41,23000.0,Ne,8
praha9,2+kk,63,25990.0,Ano,8
praha5,2+kk,40,20000.0,,8
praha6,2+kk,36,23000.0,Ano,8
praha5,4+kk,90,30000.0,,8
praha5,1+kk,48,19000.0,,8
praha10,1+kk,41,23000.0,,8
praha9,1+kk,30,20500.0,Ne,8
praha4,2+kk,53,23000.0,Ano,8
praha8,2+kk,47,23500.0,Částečně,8
praha5,4+kk,93,28000.0,,8
praha4,1+kk,29,16500.0,Částečně,8
praha5,3+kk,78,26000.0,,8
praha7,2+kk,53,32500.0,,9
praha6,3+1,91,47000.0,Částečně,9
praha5,3+1,89,42000.0,Ne,9
praha5,1+kk,50,25500.0,Ano,9
praha5,2+kk,67,30000.0,Ano,9
praha10,2+kk,56,29000.0,Ano,9
praha5,3+kk,81,43000.0,Ne,9
praha4,1+kk,45,24000.0,Ano,9
praha10,1+kk,20,15000.0,,9
praha1,2+1,85,32000.0,Ano,9
praha4,3+kk,80,29000.0,Ne,9
praha3,2+1,38,23000.0,,9
praha8,3+kk,72,22990.0,Ne,9
praha5,2+kk,52,22000.0,Ne,9
praha9,1+kk,38,16400.0,Ne,9
praha5,2+kk,46,29000.0,Ne,9
praha1,3+kk,95,33000.0,,9
praha5,2+kk,66,24000.0,,9
praha10,2+1,68,33000.0,,9
praha5,3+kk,94,38000.0,Částečně,9
praha2,3+1,118,49000.0,,9
praha7,2+kk,61,34200.0,,9
praha1,2+kk,65,40000.0,Ano,9
praha4,2+kk,45,21000.0,Ne,9
praha5,2+kk,53,28000.0,Částečně,9
praha10,2+kk,50,21490.0,Ne,9
praha2,2+kk,50,23000.0,Částečně,9
praha9,2+kk,55,28000.0,Ano,9
praha10,2+kk,47,21990.0,Částečně,9
praha8,2+1,62,20000.0,,9
praha1,1+kk,37,27000.0,Ano,9
praha1,4+kk,89,35000.0,Ne,9
praha5,1+kk,41,19000.0,Ne,9
praha7,2+kk,54,22000.0,Částečně,9
praha6,2+kk,60,37000.0,Ano,9
praha10,3+kk,55,28500.0,Ano,9
praha2,2+kk,43,21900.0,Ano,9
praha2,2+kk,41,22990.0,Ano,9
praha7,1+kk,27,21000.0,,9
praha1,3+kk,68,40000.0,,9
praha5,2+kk,60,30000.0,Ano,9
praha4,4+kk,83,32999.0,Částečně,9
praha5,1+kk,33,19500.0,Ne,9
praha4,1+kk,30,18900.0,Ano,9
praha7,3+kk,85,53950.0,,9
praha10,3+kk,42,22000.0,Částečně,9
praha1,3+kk,150,60000.0,Částečně,9
praha5,2+kk,52,24500.0,,9
praha5,3+kk,115,39000.0,,9
praha9,1+kk,27,22000.0,,9
praha5,2+kk,54,23000.0,Částečně,9
praha6,2+1,80,25000.0,,9
praha5,2+kk,48,25500.0,Částečně,9
praha4,1+kk,30,14000.0,,9
praha10,1+kk,23,13990.0,Částečně,9
praha9,1+kk,35,14990.0,Ne,9
praha8,1+kk,33,14000.0,,9
praha5,2+kk,52,24000.0,Ano,9
praha5,3+kk,74,30500.0,Ne,9
praha6,2+kk,42,18000.0,,9
praha4,1+kk,33,18500.0,Ano,9
praha9,1+kk,40,19990.0,Ne,9
praha4,2+kk,44,23000.0,,9
praha4,2+kk,41,21500.0,Částečně,9
praha5,2+kk,64,26000.0,,9
praha5,1+1,55,20000.0,Ne,9
praha3,2+kk,41,21000.0,Částečně,9
praha3,2+kk,64,33000.0,Ano,9
praha5,1+kk,31,18000.0,,9
praha10,1+kk,28,14000.0,,9
praha8,1+kk,30,16000.0,,9
praha4,2+kk,50,21000.0,Ne,9
praha8,2+kk,43,19000.0,Ne,10
praha5,2+kk,50,23000.0,Částečně,10
praha9,3+kk,87,39000.0,Ano,10
praha5,3+kk,78,45000.0,,10
praha10,3+kk,119,34000.0,Ano,10
praha9,2+kk,43,19000.0,Ano,10
praha9,2+kk,55,27000.0,Ano,10
praha5,2+kk,61,24000.0,,10
praha6,1+1,40,18000.0,,10
praha9,2+kk,43,21000.0,,10
praha9,2+kk,48,25000.0,Částečně,10
praha7,2+kk,32,22000.0,,10
praha2,3+kk,100,35000.0,Ne,10
praha10,3+kk,105,65000.0,Ano,10
praha8,2+kk,45,17500.0,Částečně,10
praha1,4+kk,120,50000.0,Ne,10
praha7,1+kk,34,20000.0,Ne,10
praha6,1+1,60,18000.0,,10
praha5,2+kk,42,28014.0,Ano,10
praha9,2+kk,46,22000.0,Částečně,10
praha9,2+kk,52,27000.0,Ano,10
praha4,2+kk,55,27000.0,Částečně,10
praha4,1+kk,33,17900.0,Ne,10
praha3,1+kk,35,17000.0,Ne,10
praha5,3+kk,72,30000.0,,10
praha7,3+kk,88,39000.0,Ano,10
praha9,2+kk,49,20000.0,,10
praha6,4+1,150,69000.0,Ne,10
praha9,1+kk,35,21500.0,Ano,10
praha9,2+1,75,28000.0,Ano,10
praha4,2+kk,57,22000.0,Částečně,10
praha10,1+kk,31,17300.0,Ano,10
praha3,2+kk,55,32000.0,Částečně,10
praha10,2+kk,54,22000.0,,10
praha1,1+kk,31,17500.0,Částečně,10
praha6,3+kk,73,30000.0,Ano,10
praha10,3+kk,90,34000.0,Ano,10
praha5,2+kk,60,26000.0,Částečně,10
praha4,2+kk,56,25500.0,Částečně,10
praha6,2+kk,41,19500.0,,10
praha4,3+1,68,27900.0,Částečně,10
praha5,2+kk,53,32200.0,Ano,10
praha10,2+kk,108,35500.0,,10
praha3,1+kk,41,23000.0,Částečně,10
praha7,2+kk,53,24800.0,Částečně,10
praha5,1+kk,28,16500.0,Ano,10
praha2,3+1,68,36000.0,Ne,10
praha5,2+kk,52,19500.0,Částečně,10
praha8,3+kk,75,33000.0,Ano,10
praha5,2+kk,80,30000.0,Ano,10
praha10,3+kk,63,30000.0,Částečně,10
praha8,2+kk,63,32000.0,Ne,11
praha10,3+1,65,22000.0,Částečně,11
praha10,3+1,78,30000.0,Částečně,11
praha4,2+kk,54,29500.0,,11
praha4,2+kk,45,22500.0,Částečně,11
praha4,3+kk,76,24990.0,Ne,11
praha2,2+kk,45,26500.0,Ano,11
praha5,2+kk,46,25000.0,Ano,11
praha5,2+1,47,18000.0,Ne,11
praha5,1+kk,30,21000.0,,11
praha3,3+kk,97,44772.0,Ano,11
praha1,2+kk,72,40000.0,Ano,11
praha10,2+1,67,21500.0,Ne,11
praha8,3+kk,74,30000.0,Částečně,11
praha8,4+kk,138,69900.0,Částečně,11
praha5,3+kk,80,27000.0,Ne,11
praha9,3+kk,72,27800.0,,11
praha10,1+kk,28,14900.0,Ne,11
praha5,1+1,45,17510.0,Ano,11
praha10,2+kk,49,22500.0,Částečně,11
praha5,2+kk,50,22000.0,,11
praha3,3+kk,95,64674.0,Ne,11
praha6,2+kk,41,26000.0,,11
praha8,2+kk,91,35000.0,Částečně,11
praha9,1+kk,35,18500.0,Ne,11
praha3,5+kk,150,52000.0,,11
praha5,1+kk,25,13490.0,Částečně,11
praha2,4+1,114,49000.0,Ne,11
praha9,2+kk,50,25400.0,Částečně,11
praha4,2+kk,44,18000.0,Ano,11
praha6,2+kk,50,25000.0,,11
praha8,1+kk,34,18900.0,Částečně,11
praha9,1+1,42,19990.0,Částečně,11
praha10,1+kk,25,13500.0,Ano,12
praha9,3+kk,77,27000.0,Částečně,12
praha9,3+1,61,21500.0,,12
praha3,1+kk,32,23500.0,Ano,12
praha4,3+kk,140,40000.0,Ano,12
praha9,2+kk,42,19990.0,Částečně,12
praha10,1+1,25,14500.0,Ne,12
praha6,2+1,70,32000.0,,12
praha9,2+kk,53,26000.0,,12
praha3,1+1,50,25000.0,Ano,12
praha3,3+kk,60,26900.0,,12
praha9,2+kk,72,35000.0,,12
praha10,3+kk,87,35000.0,Částečně,12
praha4,3+kk,73,29500.0,,12
praha6,2+kk,66,26000.0,,12
praha5,2+kk,54,25300.0,Částečně,12
praha9,1+kk,29,17000.0,Ano,12
praha8,3+1,72,29990.0,Částečně,12
praha10,2+1,53,17500.0,Ne,12
praha4,1+kk,32,21000.0,Ano,12
praha10,2+1,52,23990.0,Částečně,12
praha6,1+kk,28,14500.0,Částečně,12
praha9,1+kk,33,17500.0,Ne,12
praha9,1+kk,35,20000.0,,12
praha2,2+kk,100,45000.0,Ne,12
praha6,3+1,112,42000.0,Částečně,12
praha4,3+kk,90,34000.0,Ano,12
praha8,3+1,78,29000.0,,12
praha10,2+kk,38,23000.0,Ano,12
praha1,3+kk,90,44000.0,Ano,12
praha6,1+kk,48,20000.0,Ano,12
praha5,2+kk,62,28000.0,Ne,12
praha6,2+kk,52,22000.0,,12
praha10,2+kk,39,23000.0,,12
praha2,4+kk,123,58000.0,Ne,12
praha10,2+kk,47,20000.0,Ano,12
praha9,1+kk,38,18900.0,Ne,12
praha9,3+1,70,22000.0,,12
praha8,3+kk,82,43000.0,Částečně,12
praha8,2+kk,50,24000.0,Částečně,12
praha3,1+kk,40,21000.0,,12
praha6,1+kk,24,18000.0,,12
praha9,2+kk,53,21000.0,Ano,12
praha10,1+1,35,18000.0,,12
praha2,6+,142,69000.0,Ne,12
praha4,2+1,60,24301.0,Ne,12
praha6,2+1,55,24000.0,Ano,12
praha2,3+1,120,65000.0,Ano,12
praha6,3+kk,96,38000.0,Ano,12
praha4,2+kk,43,19200.0,Ne,12
praha4,2+kk,79,28300.0,Ano,13
praha7,4+kk,85,40000.0,,13
praha8,2+kk,50,22000.0,Ano,13
praha5,3+kk,70,37800.0,Ano,13
praha8,3+kk,80,61500.0,Ano,13
praha7,1+1,40,16000.0,Ne,13
praha1,3+kk,77,38800.0,Ano,13
praha9,2+kk,50,21900.0,Ne,13
praha3,3+kk,109,61900.0,Ne,13
praha5,2+kk,56,24900.0,Částečně,13
praha8,2+kk,60,34000.0,,13
praha10,2+kk,58,26000.0,,13
praha10,2+kk,50,21000.0,Ne,13
praha9,1+kk,25,15000.0,Částečně,13
praha7,3+kk,74,29500.0,,13
praha4,2+kk,51,19900.0,Částečně,13
praha10,3+kk,86,27000.0,,13
praha8,3+kk,85,61000.0,Ano,13
praha7,1+kk,35,14900.0,Ne,13
praha4,2+1,52,25000.0,Ano,13
praha9,2+kk,63,26990.0,,13
praha5,1+kk,30,18000.0,Částečně,13
praha9,2+kk,45,22900.0,Částečně,13
praha5,3+kk,115,49900.0,Ano,13
praha3,2+kk,55,26500.0,Částečně,13
praha5,4+kk,147,32000.0,,13
praha5,2+kk,38,18900.0,,13
praha4,2+kk,58,24000.0,Ne,13
praha5,2+kk,54,24500.0,Částečně,13
praha8,1+kk,31,20400.0,Ano,13
praha8,2+kk,56,19000.0,Ano,13
praha5,2+kk,65,22500.0,Částečně,13
praha5,2+kk,47,26000.0,,13
praha2,3+kk,110,67000.0,Ano,13
praha7,2+kk,74,39000.0,Ano,13
praha5,2+kk,52,21000.0,Ano,13
praha10,1+kk,35,16000.0,Ne,13
praha5,2+kk,59,34900.0,Ne,13
praha5,3+kk,70,37000.0,Ano,13
praha5,2+kk,50,29000.0,Ano,13
praha5,1+1,47,18000.0,Částečně,13
praha7,2+kk,58,25500.0,Ne,13
praha5,1+1,45,18500.0,,13
praha10,1+kk,30,15000.0,,14
praha4,2+kk,50,24500.0,Ano,14
praha6,2+1,70,27000.0,Ne,14
praha10,2+kk,80,45000.0,Částečně,14
praha5,4+kk,151,40000.0,Ne,14
praha7,1+kk,32,24500.0,,14
praha8,3+1,63,28000.0,Ne,14
praha6,2+1,75,24000.0,Ne,14
praha4,1+kk,32,21500.0,Ano,14
praha5,2+kk,51,20000.0,Ano,14
praha10,2+1,58,26000.0,Částečně,15
praha4,1+kk,45,25000.0,,15
praha10,1+kk,32,18800.0,Částečně,15
praha10,2+kk,49,20000.0,Ne,15
praha9,3+kk,98,42500.0,,15
praha5,2+kk,62,36225.0,Ano,15
praha4,2+kk,48,21500.0,Částečně,15
praha9,1+kk,44,21900.0,,15
praha4,2+kk,40,18000.0,Ano,16
praha7,1+kk,30,20000.0,Ano,16
praha1,4+kk,146,72000.0,Ano,16
praha4,2+kk,60,35000.0,,16
praha7,2+1,73,28490.0,Ano,16
praha5,2+kk,82,35000.0,Částečně,16
praha10,1+kk,35,15990.0,,16
praha5,1+kk,32,17490.0,Částečně,16
praha4,1+1,43,19990.0,,16
praha4,2+kk,50,28400.0,Ano,16
praha5,2+kk,59,22990.0,Částečně,16
praha10,2+kk,45,22000.0,,16
praha5,3+kk,81,41000.0,Částečně,16
praha9,2+kk,54,24000.0,Částečně,16
praha8,2+kk,50,24800.0,Ano,16
praha1,3+kk,138,29000.0,,16
praha2,2+kk,69,24000.0,,16
praha5,3+kk,81,29000.0,,16
praha8,2+kk,40,17990.0,Částečně,16
praha9,2+kk,69,24000.0,,16
praha2,2+1,64,22000.0,Ano,16
praha1,3+1,94,38000.0,Částečně,16
praha9,1+kk,41,17000.0,Ne,16
praha3,3+kk,108,61900.0,Ne,16
praha6,4+1,142,90000.0,,16
praha8,3+1,70,25000.0,Ne,16
praha8,3+1,64,24990.0,Částečně,17
praha3,1+1,43,24900.0,Ano,17
praha8,2+kk,60,36500.0,Ano,17
praha4,1+kk,40,18490.0,Částečně,17
praha2,3+kk,71,30000.0,,17
praha7,2+1,57,17990.0,,17
praha5,1+kk,32,16900.0,Částečně,17
praha5,3+1,72,21990.0,Částečně,17
praha4,3+kk,109,36900.0,Částečně,17
praha7,3+1,80,25500.0,Ne,17
praha6,2+kk,65,28000.0,Částečně,17
praha2,1+1,55,28000.0,Ne,17
praha6,3+kk,74,22000.0,Ne,17
praha9,2+kk,53,23000.0,Ano,17
praha8,3+kk,80,25000.0,Ne,17
praha10,2+kk,43,19000.0,Částečně,17
praha7,1+kk,34,21500.0,Ano,17
praha8,2+kk,48,38000.0,Ano,17
praha9,3+1,59,23400.0,Částečně,17
praha9,2+kk,52,27500.0,Ne,17
praha5,1+kk,29,17000.0,Částečně,17
praha10,3+kk,80,33000.0,,17
praha4,3+kk,92,28000.0,Ano,17
praha1,4+kk,115,41900.0,Ne,17
praha9,1+1,34,17900.0,Částečně,17
praha10,2+kk,46,21000.0,Částečně,17
praha2,1+kk,35,22000.0,Ano,18
praha5,4+kk,129,73000.0,Ano,18
praha8,3+kk,80,25000.0,Ne,18
praha3,2+kk,43,23500.0,Částečně,18
praha8,1+kk,34,18500.0,,18
praha4,3+kk,89,24000.0,,18
praha8,2+kk,40,18900.0,Ne,18
praha7,2+kk,56,33000.0,Ano,18
praha1,2+kk,60,28000.0,Ne,18
praha2,2+kk,52,32000.0,Ano,18
praha9,2+kk,54,22500.0,Ano,18
praha4,3+kk,102,44000.0,,18
praha10,1+kk,26,19990.0,Ne,18
praha9,3+1,67,25700.0,Ne,18
praha9,3+kk,82,36000.0,Ne,18
praha5,3+kk,90,32000.0,Částečně,18
praha5,2+kk,71,38000.0,Ano,18
praha4,2+1,40,20000.0,Částečně,18
praha9,2+kk,52,25000.0,Ne,18
praha9,2+kk,63,32000.0,,18
praha6,5+1,146,69000.0,Ne,18
praha3,2+kk,60,20900.0,Ne,18
praha5,5+kk,135,35000.0,Ano,18
praha1,3+1,120,38000.0,Ne,18
praha10,2+kk,67,25000.0,,18
praha5,1+1,32,20000.0,Ano,18
praha5,4+kk,104,41500.0,,18
praha3,2+kk,73,26990.0,Ne,18
praha8,3+kk,80,33000.0,,18
praha2,2+kk,54,33000.0,Ano,18
praha8,1+kk,23,14000.0,,18
praha4,3+kk,68,26000.0,Částečně,18
praha3,2+kk,54,41707.0,Ano,18
praha5,2+kk,43,23500.0,Ano,19
praha4,2+1,52,26900.0,Ne,19
praha5,2+kk,43,19000.0,Částečně,19
praha8,1+1,37,18000.0,,19
praha8,2+kk,58,34500.0,Částečně,19
praha1,1+kk,33,20000.0,Ano,19
praha5,3+1,74,25900.0,Ne,19
praha5,2+kk,50,19500.0,Ano,19
praha4,3+kk,82,26500.0,Ano,19
praha3,1+kk,48,23000.0,Částečně,19
praha7,2+kk,70,37000.0,Ano,19
praha9,1+kk,45,21000.0,Ano,19
praha2,3+kk,101,38000.0,,19
praha3,3+kk,95,64954.0,Ne,19
praha5,3+kk,89,37500.0,,19
praha10,2+kk,43,22500.0,,19
praha1,3+kk,90,38900.0,Částečně,19
praha9,1+1,33,19900.0,Ano,19
praha5,2+kk,42,27500.0,,19
praha1,3+kk,75,37500.0,Částečně,19
praha5,1+kk,40,25500.0,Ano,19
praha2,2+kk,58,29000.0,Ne,19
praha4,2+kk,45,18000.0,Ne,19
praha5,3+1,68,26800.0,Ne,19
praha6,1+kk,38,19000.0,Ano,19
praha1,3+kk,79,38900.0,Částečně,19
praha4,2+kk,42,18990.0,Ano,19
praha4,2+kk,46,28000.0,Ano,19
praha3,2+kk,41,24900.0,Částečně,19
praha10,2+kk,54,34800.0,Ano,19
praha4,3+1,68,26000.0,Ano,19
praha5,3+1,71,26000.0,Ano,19
praha6,1+kk,23,13500.0,Ano,19
praha1,2+kk,56,42721.0,Ne,19
praha1,2+kk,55,44000.0,Ano,20
praha4,3+1,78,20000.0,,20
praha1,2+kk,52,26000.0,,20
praha3,2+kk,54,41800.0,Ne,20
praha7,2+kk,71,37000.0,Částečně,20
praha3,1+kk,37,20500.0,Ne,20
praha4,2+kk,52,28400.0,Ano,20
praha2,3+kk,106,47500.0,Částečně,20
praha1,3+kk,91,38900.0,Ne,20
praha5,2+kk,40,27000.0,,20
praha4,2+kk,42,22000.0,Částečně,20
praha3,2+kk,54,41888.0,Ne,20
praha2,1+1,37,20000.0,Částečně,20
praha5,5+kk,130,49000.0,Ano,20
praha4,2+kk,47,22800.0,,20
praha9,2+kk,40,23000.0,Ano,20
praha1,3+kk,79,38900.0,Ne,20
praha2,2+kk,52,45000.0,Ano,20
praha4,3+kk,65,32000.0,Ano,20
praha3,2+kk,41,24990.0,Částečně,20
praha8,1+kk,34,20900.0,Ano,20
praha4,2+kk,45,19600.0,,20
praha7,2+kk,62,32000.0,Ano,20
praha8,1+kk,36,19000.0,Částečně,20
praha4,1+kk,30,13000.0,Částečně,20
praha8,2+kk,60,35000.0,Ano,20
praha6,2+kk,54,22000.0,,20
praha9,4+1,87,29900.0,Ne,20
praha5,1+kk,39,20000.0,Ne,20
praha1,2+kk,70,40000.0,Ano,20
praha3,2+kk,56,42800.0,Ano,20
praha1,2+1,80,29900.0,Ano,20
praha9,2+kk,57,29000.0,Částečně,20
praha5,1+kk,42,19000.0,,20
praha3,2+kk,58,28000.0,,20
praha5,2+kk,47,29500.0,Ano,20
praha2,2+kk,67,37000.0,,20
praha7,1+kk,47,22000.0,Ne,20
praha5,3+1,82,27000.0,Ne,20
praha2,1+1,41,22500.0,Ne,20
praha3,2+1,77,45000.0,,20
praha6,2+1,55,37000.0,Ne,20
praha10,2+1,55,19000.0,,21
praha8,1+kk,38,18000.0,Částečně,21
praha9,1+kk,32,16990.0,Částečně,21
praha9,3+kk,80,33000.0,,21
praha3,3+kk,82,40000.0,Ano,21
praha10,2+kk,45,20990.0,,22
praha7,2+kk,63,29000.0,,22
praha2,1+kk,45,25500.0,Ano,22
praha5,2+kk,64,23000.0,Částečně,23
praha5,1+kk,37,18490.0,Ne,23
praha5,3+1,69,28490.0,Částečně,23
praha1,3+kk,84,35000.0,Částečně,23
praha4,1+kk,37,18000.0,,23
praha4,1+kk,39,23900.0,Ano,23
praha4,2+kk,41,17900.0,,23
praha9,2+kk,66,20000.0,,23
praha4,3+1,78,29000.0,,23
praha8,2+kk,65,33000.0,Částečně,23
praha6,1+kk,38,25000.0,Ano,23
praha1,2+kk,39,25000.0,Ne,23
praha5,1+kk,39,18490.0,Ne,23
praha6,2+kk,47,23000.0,,23
praha9,2+kk,62,27990.0,Částečně,23
praha6,3+1,59,26000.0,Částečně,23
praha2,2+kk,37,22000.0,Ne,23
praha7,2+kk,63,29000.0,,23
praha8,3+kk,106,45000.0,,23
praha3,3+1,96,38000.0,Částečně,23
praha9,3+1,72,21000.0,Částečně,23
praha8,3+1,67,25900.0,Ne,23
praha2,2+kk,52,27500.0,Ano,23
praha1,1+1,33,23000.0,Ano,23
praha5,3+kk,65,31000.0,,23
praha3,2+kk,56,42721.0,Ano,23
praha3,1+kk,32,16000.0,Částečně,23
praha6,2+kk,56,29500.0,Částečně,24
praha7,2+1,86,28000.0,,24
praha8,1+1,30,15000.0,Částečně,24
praha4,2+kk,38,28400.0,Ano,24
praha4,2+kk,50,32400.0,Ano,24
praha9,1+kk,37,19000.0,Ano,24
praha6,1+1,40,19000.0,,24
praha2,4+kk,123,49000.0,Ano,24
praha7,3+kk,77,34500.0,Ano,24
praha6,3+kk,123,47000.0,Ano,24
praha5,3+kk,101,33000.0,,24
praha9,2+kk,42,27000.0,Ano,24
praha6,2+kk,53,29000.0,Ne,24
praha10,3+kk,99,36000.0,,24
praha9,2+kk,60,23000.0,,24
praha3,2+kk,51,26000.0,,24
praha5,2+kk,55,22300.0,,24
praha2,2+1,63,21000.0,,24
praha6,3+kk,97,50000.0,,24
praha5,2+kk,55,20000.0,Ne,24
praha1,2+kk,58,29900.0,Částečně,24
praha6,2+kk,52,29500.0,Ne,24
praha4,2+kk,59,34900.0,,24
praha5,2+kk,60,20000.0,Ne,24
praha2,2+kk,47,24000.0,Částečně,24
praha8,2+kk,58,34500.0,,24
praha10,1+kk,36,17000.0,Částečně,24
praha3,2+1,52,26000.0,Ano,24
praha5,1+1,49,20000.0,Ne,24
praha6,2+kk,47,26500.0,Ne,24
praha3,2+1,60,20720.0,Ne,24
praha8,2+kk,42,25000.0,Částečně,24
praha2,4+kk,132,55000.0,Částečně,24
praha6,2+kk,51,26300.0,Ne,24
praha2,4+kk,140,75000.0,Ano,25
praha4,1+kk,35,19990.0,Ne,25
praha5,3+kk,71,24000.0,Ne,25
praha6,2+1,62,25000.0,Ne,25
praha6,2+kk,30,26000.0,,25
praha3,3+kk,80,29000.0,Částečně,25
praha5,2+kk,57,27000.0,Ne,25
praha4,1+kk,33,25000.0,,25
praha2,2+kk,55,22000.0,Ne,25
praha3,3+kk,78,40000.0,Ano,25
praha4,1+kk,33,15000.0,Ne,25
praha4,2+kk,52,25000.0,,25
praha5,2+kk,52,25000.0,Částečně,25
praha5,2+kk,46,24000.0,Částečně,25
praha3,2+kk,89,27500.0,Ano,25
praha5,3+kk,98,44000.0,Ne,25
praha4,1+kk,26,16000.0,Částečně,25
praha9,1+kk,31,15900.0,Ne,25
praha8,3+kk,90,35000.0,Částečně,25
praha7,2+1,50,23000.0,,25
praha5,3+kk,83,37000.0,Ano,25
praha4,3+kk,70,33500.0,Částečně,25
praha10,2+kk,44,22500.0,,25
praha3,3+kk,66,29500.0,Částečně,25
praha6,3+1,78,30000.0,,25
praha4,1+1,29,16500.0,Částečně,25
praha4,2+1,71,31000.0,,25
praha3,3+kk,78,40000.0,Ano,25
praha3,3+kk,72,25000.0,Ano,26
praha1,3+kk,111,40500.0,Ne,26
praha1,3+kk,111,40500.0,Částečně,26
praha8,2+kk,70,25000.0,Ano,26
praha10,3+1,100,22500.0,Ano,26
praha2,3+kk,65,28000.0,Ano,26
praha8,3+1,75,27000.0,Ne,26
praha10,2+kk,63,31000.0,Ne,26
praha5,4+kk,111,45000.0,Ano,26
praha2,1+kk,47,23000.0,Ano,26
praha1,2+kk,80,25000.0,Ano,26
praha5,2+kk,63,24000.0,Ano,26
praha8,1+kk,28,23500.0,Ano,26
praha5,2+kk,60,23500.0,,26
praha3,2+kk,51,29000.0,,26
praha5,3+kk,75,29900.0,Ne,26
praha4,3+1,116,29000.0,,26
praha3,2+kk,50,23000.0,Ne,26
praha9,2+kk,56,20500.0,Částečně,26
praha5,3+kk,72,21000.0,Ano,26
praha4,2+kk,82,37500.0,Ano,26
praha5,2+kk,50,18900.0,Ne,26
praha5,4+kk,97,45000.0,Ano,26
praha4,3+kk,100,30000.0,,26
praha4,1+1,50,21000.0,Ne,26
praha8,3+kk,93,33000.0,Částečně,26
praha6,3+1,121,30000.0,Ano,26
praha5,3+1,90,23100.0,,26
praha10,3+kk,96,35000.0,Ano,26
praha10,1+kk,38,16000.0,Ne,26
praha6,2+kk,58,35000.0,Ano,27
praha8,1+kk,45,24500.0,Ano,27
praha1,3+kk,105,64900.0,Ano,27
praha4,3+kk,50,26000.0,Ano,27
praha7,1+kk,37,23800.0,,27
praha4,2+kk,56,27500.0,,27
praha2,2+kk,57,29900.0,Ano,27
praha4,2+kk,56,32500.0,Ne,27
praha8,3+kk,70,29900.0,Částečně,27
praha5,2+kk,46,21500.0,Ne,27
praha6,1+kk,18,14100.0,Ano,27
praha10,2+kk,54,21000.0,Částečně,27
praha5,2+kk,81,28000.0,,27
praha5,1+kk,32,21000.0,Částečně,27
praha5,2+kk,66,27500.0,Částečně,27
praha5,2+kk,43,17500.0,Ne,27
praha3,3+kk,86,38000.0,,27
praha4,2+kk,42,20000.0,,27
praha3,1+1,40,18500.0,Ne,27
praha7,1+kk,34,24400.0,,27
praha5,3+kk,86,48000.0,Ano,27
praha10,3+1,127,38000.0,,27
praha7,1+kk,39,25450.0,,27
praha10,2+kk,72,22572.0,Ano,27
praha10,2+kk,54,23900.0,Částečně,27
praha10,4+kk,100,38200.0,Částečně,27
praha5,2+kk,40,22000.0,Částečně,27
praha10,3+kk,69,23000.0,Částečně,27
praha8,1+kk,30,15000.0,Částečně,28
praha5,2+kk,55,20000.0,Ne,28
praha8,3+kk,90,29500.0,,28
praha10,3+kk,80,32500.0,Ne,28
praha2,3+kk,87,45000.0,Částečně,28
praha9,3+kk,70,30000.0,,28
praha10,2+kk,40,27000.0,,28
praha3,3+kk,95,56990.0,Ano,28
praha9,1+kk,36,19900.0,Ano,28
praha6,3+kk,74,36000.0,,29
praha8,2+kk,50,23900.0,Částečně,29
praha5,2+kk,45,20000.0,Ano,29
praha9,1+kk,49,21500.0,Ano,29
praha4,2+kk,41,22000.0,Ano,30
praha4,3+kk,71,33500.0,Částečně,30
praha7,2+kk,61,29000.0,,30
praha10,3+kk,72,29000.0,,30
praha10,2+1,52,20600.0,Částečně,30
praha9,2+kk,57,26000.0,Částečně,30
praha7,1+kk,39,24750.0,,30
praha5,4+kk,133,55000.0,Ne,30
praha8,1+kk,24,15000.0,Částečně,30
praha5,2+kk,54,30000.0,Ne,30
praha9,4+1,86,25000.0,Částečně,30
praha5,2+kk,42,16900.0,Ano,30
praha4,2+kk,45,22000.0,Částečně,30
praha5,2+kk,46,23500.0,,30
praha9,2+kk,66,25900.0,Ano,30
praha8,2+1,48,20000.0,,30
praha8,3+kk,126,45000.0,Ano,30
praha9,3+kk,92,34000.0,,30
praha4,1+kk,30,15500.0,Ano,30
praha10,1+kk,33,18000.0,Ano,30
praha9,2+kk,58,24000.0,Částečně,30
praha9,1+kk,43,16500.0,Částečně,30
praha8,1+1,48,15000.0,,30
praha9,2+kk,42,23500.0,Ano,30
praha7,2+kk,59,27000.0,,31
praha4,3+kk,56,27000.0,Částečně,31
praha3,1+kk,40,24500.0,Ano,31
praha9,1+kk,38,16000.0,Částečně,31
praha2,3+1,103,52000.0,Ne,31
praha1,4+kk,124,55545.0,Ano,31
praha10,2+1,51,25000.0,,31
praha4,4+kk,157,61900.0,Částečně,31
praha5,3+kk,78,45000.0,Ne,31
praha5,2+kk,53,20000.0,Částečně,31
praha9,1+kk,34,18000.0,Částečně,31
praha2,2+kk,45,25000.0,,31
praha5,3+kk,74,28200.0,Ne,31
praha5,2+kk,60,43470.0,Ano,31
praha6,3+kk,78,35000.0,Ne,31
praha4,1+kk,34,23000.0,,31
praha6,2+kk,93,37000.0,Ano,31
praha8,2+kk,69,27000.0,Částečně,31
praha10,1+kk,34,17000.0,,31
praha9,4+kk,124,34000.0,Částečně,31
praha4,3+kk,83,39000.0,Ano,31
praha5,3+1,68,25990.0,Ano,31
praha10,2+kk,60,24000.0,Ano,31
praha1,2+1,89,35000.0,,32
praha8,1+kk,35,19000.0,Ano,32
praha9,1+kk,33,19000.0,Ne,32
praha10,3+kk,75,35000.0,Ne,32
praha4,3+kk,60,38000.0,Ano,32
praha5,2+kk,26,19900.0,Ano,32
praha6,3+kk,70,27500.0,Částečně,32
praha8,2+kk,47,27000.0,Ne,32
praha9,1+kk,36,17000.0,Částečně,32
praha5,3+kk,81,38500.0,Ano,32
praha4,2+kk,43,14500.0,Ano,32
praha1,4+kk,124,55545.0,Ano,32
praha9,2+kk,67,32500.0,Částečně,32
praha5,2+kk,53,22000.0,Částečně,32
praha3,2+1,55,24300.0,Částečně,32
praha8,1+kk,36,21900.0,,32
praha4,1+1,25,17000.0,Ne,32
praha5,2+kk,36,18000.0,Ano,33
praha10,2+kk,75,21500.0,,33
praha9,1+kk,34,20000.0,Částečně,33
praha7,2+kk,58,31000.0,Ano,33
praha4,3+1,93,33990.0,Částečně,33
praha8,3+kk,76,56500.0,Ano,33
praha5,2+kk,56,24900.0,Ano,33
praha9,3+1,78,24990.0,Ano,33
praha9,3+kk,65,24500.0,Ne,33
praha5,4+kk,135,47500.0,Ano,33
praha4,2+kk,42,20900.0,Ano,33
praha8,2+kk,53,28500.0,Částečně,33
praha10,4+kk,92,37000.0,Ano,33
praha4,2+kk,61,33500.0,Částečně,33
praha4,1+kk,40,17200.0,Částečně,33
praha10,2+kk,47,23900.0,Ano,33
praha5,3+1,104,41900.0,Ne,33
praha8,2+1,62,27000.0,Ano,33
praha9,1+kk,33,17600.0,Ne,33
praha1,4+1,142,54900.0,Částečně,33
praha2,2+1,50,24900.0,Částečně,34
praha2,1+kk,49,22900.0,Částečně,34
praha6,2+kk,111,35000.0,Ne,34
praha9,2+kk,56,24000.0,Částečně,34
praha5,2+kk,77,30000.0,,34
praha1,3+1,115,49000.0,Ano,34
praha2,4+1,125,46600.0,,34
praha1,4+kk,123,55563.0,Ano,34
praha10,3+1,71,25000.0,Ano,34
praha7,1+1,35,20500.0,Částečně,34
praha9,2+kk,45,21990.0,Částečně,34
praha1,3+kk,76,38652.0,Ano,34
praha10,2+kk,40,23500.0,Částečně,34
praha7,1+kk,38,22000.0,Ano,34
praha9,3+kk,63,21990.0,Částečně,34
praha6,3+1,120,59000.0,Ano,34
praha5,2+kk,56,26000.0,Částečně,34
praha5,2+kk,36,20500.0,Částečně,34
praha3,2+kk,55,42721.0,Ano,34
praha6,2+kk,43,20700.0,Částečně,34
praha2,1+kk,27,18300.0,Ano,34
praha4,1+kk,23,12500.0,,35
praha9,2+kk,40,22500.0,Ne,35
praha9,2+kk,49,18900.0,Částečně,35
praha5,3+kk,74,31000.0,Částečně,36
praha4,2+kk,56,27000.0,Částečně,36
praha8,2+kk,50,24900.0,Částečně,36
praha8,2+kk,59,24900.0,Ne,36
praha8,2+kk,46,19400.0,Ne,36
praha2,2+kk,44,23000.0,Ano,37
praha6,4+kk,122,50000.0,Ano,37
praha5,2+kk,47,19990.0,Částečně,37
praha4,2+kk,34,24300.0,Ano,37
praha2,2+kk,56,39000.0,Ano,37
praha3,2+kk,56,27500.0,Ano,37
praha5,3+1,80,26900.0,,37
praha2,2+kk,48,34500.0,Ano,37
praha1,1+kk,33,27000.0,Ano,37
praha8,2+1,74,27800.0,Ne,37
praha9,3+kk,106,33000.0,,37
praha9,3+kk,74,31990.0,Ano,37
praha3,2+kk,49,23500.0,Ne,37
praha4,1+kk,33,28000.0,Ano,37
praha9,1+kk,30,15900.0,,37
praha8,3+kk,117,45000.0,,37
praha5,2+kk,74,29900.0,Ano,37
praha9,1+kk,37,16500.0,Částečně,37
praha4,2+kk,72,30000.0,Ano,38
praha4,3+kk,100,42000.0,Ano,38
praha2,3+1,134,49000.0,Ne,38
praha4,3+kk,119,45000.0,,38
praha6,1+kk,26,16500.0,Částečně,38
praha4,4+kk,82,33000.0,,38
praha8,2+kk,46,21990.0,Ano,38
praha1,3+kk,111,49000.0,Ano,38
praha4,2+kk,42,17000.0,,38
praha6,2+kk,66,37000.0,Ano,39
praha7,1+kk,37,19500.0,Ne,39
praha2,1+kk,30,23500.0,,39
praha2,1+1,33,24500.0,Ano,39
praha6,2+kk,47,33000.0,Ano,39
praha10,2+kk,47,23500.0,Částečně,39
praha5,1+kk,35,16000.0,,39
praha5,2+kk,53,29900.0,Částečně,39
praha6,2+kk,55,28000.0,,39
praha2,3+1,116,40000.0,Ne,40
praha3,2+kk,65,31500.0,Ano,40
praha5,2+kk,60,30000.0,Ano,40
praha9,1+kk,36,20000.0,,40
praha4,2+kk,67,21990.0,Ne,40
praha4,3+kk,75,28000.0,,40
praha3,1+kk,29,18000.0,Ne,40
praha8,1+kk,25,17500.0,Ano,40
praha2,2+1,45,30000.0,Ano,40
praha9,2+1,100,27990.0,Částečně,40
praha9,1+kk,29,15900.0,Ne,40
praha10,2+kk,57,23000.0,,41
praha5,2+1,81,32000.0,Ne,41
praha5,1+1,68,35000.0,Ne,41
praha10,3+kk,86,33500.0,,41
praha9,3+kk,82,35000.0,Ano,41
praha5,4+1,147,75000.0,Ano,41
praha6,5+kk,140,39900.0,Ano,41
praha5,2+kk,43,19000.0,,41
praha8,3+kk,80,26000.0,Ne,41
praha7,3+1,62,41150.0,,41
praha6,1+kk,29,21000.0,,41
praha7,1+1,28,19900.0,Ano,41
praha5,2+kk,48,26500.0,Ne,41
praha3,1+kk,21,14490.0,Částečně,41
praha7,2+1,48,31350.0,,41
praha7,2+kk,62,30000.0,,41
praha7,1+1,26,18000.0,Ne,41
praha4,1+kk,24,15000.0,,41
praha7,2+1,47,31400.0,,41
praha10,2+1,56,20000.0,,42
praha9,2+kk,56,23000.0,Částečně,42
praha4,2+kk,67,26000.0,Ne,42
praha3,2+kk,56,22100.0,,42
praha2,3+kk,94,49900.0,Částečně,42
praha7,3+kk,81,31000.0,Ano,42
praha3,3+1,118,43000.0,Ne,42
praha4,4+kk,120,40000.0,,43
praha5,3+kk,73,26000.0,Částečně,43
praha2,2+kk,40,26000.0,Ano,44
praha10,3+kk,93,45000.0,Ano,44
praha10,1+kk,28,15490.0,Částečně,44
praha8,1+kk,61,32000.0,Ano,44
praha5,3+kk,86,42000.0,Ne,44
praha3,3+kk,88,35000.0,,44
praha6,4+kk,120,38000.0,,44
praha6,3+1,78,25000.0,Částečně,44
praha10,2+kk,61,22000.0,,44
praha5,2+kk,54,35000.0,Ne,44
praha10,2+kk,62,25000.0,Ano,44
praha2,2+1,82,35000.0,Ne,44
praha7,1+1,45,22000.0,Ano,45
praha4,3+1,75,29500.0,Ano,45
praha3,1+kk,39,20000.0,Částečně,45
praha5,2+kk,42,22000.0,,45
praha4,3+1,155,49000.0,Ne,45
praha5,4+1,154,75000.0,Částečně,45
praha8,3+1,90,34000.0,,45
praha2,4+kk,109,42000.0,Ne,45
praha9,2+kk,49,22000.0,Částečně,45
praha10,2+kk,44,16200.0,Částečně,45
praha6,3+kk,97,49000.0,Částečně,45
praha8,2+kk,48,21490.0,Částečně,45
praha7,2+kk,80,36700.0,Ano,46
praha4,3+1,75,27900.0,Částečně,46
praha1,4+1,151,83000.0,Ne,46
praha9,2+kk,60,34500.0,Ano,46
praha6,4+kk,91,45000.0,Ano,46
praha10,2+1,54,24000.0,Ne,46
praha10,2+kk,58,23000.0,,46
praha6,2+kk,70,46000.0,Ano,46
praha4,1+kk,32,22500.0,Ano,47
praha3,2+1,72,30950.0,Částečně,47
praha10,1+kk,58,23000.0,Ano,47
praha10,3+kk,91,45000.0,Ano,47
praha9,2+kk,42,23000.0,Ne,47
praha2,3+1,79,39900.0,Částečně,47
praha6,4+kk,113,49000.0,Ne,47
praha4,4+kk,67,40500.0,Ano,47
praha9,2+kk,50,22500.0,Ne,47
praha7,1+kk,45,23510.0,,47
praha5,1+kk,29,20900.0,Ne,48
praha4,2+kk,45,19990.0,Ne,48
praha2,2+kk,53,26000.0,Ano,48
praha7,1+kk,30,24000.0,Ano,48
praha3,1+1,38,26350.0,Ano,48
praha5,2+kk,44,27000.0,Ano,48
praha5,2+kk,60,33500.0,Částečně,48
praha4,3+kk,74,29500.0,,48
praha4,3+1,79,32000.0,Částečně,48
praha4,2+kk,48,19900.0,,48
praha5,2+kk,43,23000.0,,48
praha10,2+kk,39,21000.0,Ne,48
praha8,1+kk,25,15000.0,,48
praha3,2+kk,47,26000.0,Ano,48
praha8,2+kk,34,19000.0,,48
praha1,3+kk,87,39000.0,Částečně,48
praha4,3+kk,111,50000.0,,49
praha9,1+kk,27,19000.0,Ano,50
praha4,3+kk,86,28600.0,Ne,51
praha2,2+kk,42,26400.0,Ano,51
praha5,3+kk,62,31500.0,Ano,51
praha10,1+kk,43,24600.0,,51
praha5,2+kk,48,26900.0,,51
praha9,2+kk,55,27500.0,Ne,51
praha10,3+1,73,26000.0,Částečně,51
praha3,1+kk,35,26800.0,Ano,51
praha7,4+kk,135,56000.0,Částečně,51
praha8,3+1,80,28000.0,Ne,51
praha5,3+kk,83,35000.0,Ne,51
praha6,4+1,108,38000.0,,51
praha8,3+kk,104,34000.0,Částečně,51
praha10,2+kk,67,37300.0,Ano,51
praha5,3+kk,83,35000.0,Ne,51
praha5,3+kk,87,27500.0,,52
praha3,2+kk,58,28500.0,,52
praha6,3+kk,135,43000.0,Částečně,52
praha4,2+kk,82,35000.0,Ne,52
praha9,1+kk,38,16900.0,,52
praha8,2+kk,59,37000.0,Ne,52
praha7,2+kk,49,22300.0,,52
praha3,2+kk,50,34800.0,Ano,52
praha10,4+kk,82,27000.0,Částečně,52
praha5,3+kk,63,22990.0,Ne,52
praha3,2+kk,71,22000.0,Částečně,52
praha2,4+1,110,46900.0,Částečně,52
praha3,3+kk,70,41000.0,Částečně,52
praha3,3+kk,102,38000.0,Ano,52
praha10,4+kk,101,42500.0,Částečně,52
praha9,1+kk,44,18500.0,,53
praha10,1+kk,31,17000.0,Ne,53
praha3,1+kk,27,18000.0,Částečně,53
praha2,2+kk,45,28000.0,Ano,53
praha7,1+kk,30,24000.0,Ano,53
praha10,2+kk,50,37400.0,Ano,53
praha3,2+kk,49,28990.0,Částečně,53
praha1,3+1,135,39000.0,Ano,53
praha7,2+kk,68,32000.0,Ano,53
praha1,2+kk,83,35000.0,Ano,53
praha5,3+kk,91,40000.0,Částečně,53
praha10,1+kk,36,19900.0,Ano,53
praha4,2+kk,48,21800.0,Částečně,53
praha7,3+kk,103,60000.0,Ano,53
praha8,3+kk,63,28000.0,Částečně,53
praha3,4+kk,140,75000.0,,53
praha9,1+kk,32,17900.0,Ne,54
praha10,2+1,70,20000.0,Ne,54
praha8,2+kk,46,25000.0,Ano,54
praha10,3+kk,86,30000.0,Ano,54
praha5,2+kk,39,24500.0,Ne,54
praha3,2+kk,51,33000.0,Ano,54
praha5,3+kk,103,39000.0,,54
praha4,2+kk,52,26000.0,Ano,54
praha5,2+kk,56,28000.0,Ano,54
praha9,2+kk,55,24000.0,Částečně,54
praha10,3+1,144,69000.0,Ano,54
praha6,3+1,126,40000.0,Ne,54
praha2,3+kk,81,41000.0,Ano,55
praha3,3+kk,95,64955.0,Ne,55
praha3,2+kk,60,23000.0,Ano,55
praha9,2+kk,63,27600.0,Ano,56
praha5,3+kk,73,31000.0,,57
praha3,3+kk,89,45000.0,,58
praha5,1+kk,53,21490.0,Částečně,58
praha10,1+kk,30,18000.0,Částečně,58
praha10,1+kk,35,17850.0,Ano,58
praha6,4+kk,120,80000.0,Částečně,58
praha4,2+kk,45,19500.0,Částečně,58
praha9,3+kk,65,27000.0,Ano,58
praha5,2+kk,54,22400.0,Ano,58
praha5,4+1,125,37000.0,Částečně,58
praha4,2+kk,45,25000.0,,59
praha6,2+kk,51,23868.0,,59
praha8,3+kk,102,38000.0,Ano,59
praha7,2+kk,47,27500.0,,59
praha6,2+kk,49,22984.0,,59
praha4,3+1,120,37000.0,Částečně,59
praha6,2+kk,53,20000.0,Částečně,59
praha3,2+kk,38,22500.0,Ne,59
praha6,4+kk,85,35149.0,,59
praha9,3+1,54,25900.0,Ne,59
praha5,2+kk,51,26000.0,Částečně,59
praha4,2+kk,51,27990.0,Částečně,59
praha6,4+kk,93,38309.0,,59
praha10,1+kk,41,19000.0,,59
praha2,2+kk,53,33000.0,Ano,60
praha3,1+kk,40,19274.0,,60
praha8,2+kk,50,25000.0,Ne,60
praha9,1+kk,37,20000.0,,60
praha3,2+kk,60,25000.0,Částečně,60
praha10,2+kk,61,38500.0,Ano,60
praha8,2+kk,70,31500.0,,60
praha9,1+kk,36,21000.0,Ne,60
praha5,2+kk,71,24000.0,Ne,60
praha4,1+kk,36,17000.0,,60
praha5,2+kk,45,24000.0,Ne,60
praha10,1+kk,33,15000.0,Částečně,60
praha1,3+kk,76,38640.0,Ano,60
praha4,3+1,66,29000.0,Ne,60
praha5,4+kk,118,69000.0,Ano,60
praha10,1+kk,23,15000.0,Částečně,60
